assoc,core,trace,IPC,cycles,accuracy,MPKI,L1D_miss%,L1D_hit%,L1D_rfo,L1D_writeback,L1I_miss%,L1I_hit%,L1I_rfo,L1I_writeback,L2C_miss%,L2C_hit%,L2C_rfo,L2C_writeback,LLC_miss%,LLC_hit%,LLC_rfo,LLC_writeback,LLC_writes
8way,0,401.bzip2-277B,1.11886,8937667,98.3304,2.6127,22.3917,77.6083,423951,0,0.0,100.0,0,0,65.3456,34.6544,12549,13979,15.228,84.772,7020,7556,14576
8way,0,403.gcc-16B,1.1871,8423908,99.8932,0.2104,75.2608,24.7392,569093,0,0.0294,99.9706,0,0,50.2179,49.7821,487320,489048,0.2018,99.7982,487110,488655,975765
8way,0,456.hmmer-327B,1.48189,6748146,99.7805,0.0935,1.387,98.613,565338,0,0.0,100.0,0,0,38.794,61.206,26618,26603,49.4624,50.5376,26615,25897,52512
8way,0,605.mcf_s-665B,0.411063,24327159,93.0967,17.2468,11.663,88.337,1067075,0,0.0,100.0,0,0,65.6064,34.3936,38645,55024,32.7366,67.2634,29089,38951,68040
